{"cameraMode":{"drawMode":0,"name":"Shaded","section":"Shading Mode"},"sceneLighting":true,"audioPlay":false,"sceneViewState":{"showFog":true,"showMaterialUpdate":false,"showSkybox":true,"showFlares":true,"showImageEffects":true,"showParticleSystems":true},"in2DMode":false,"pivot":{"x":-34.77677536010742,"y":74.7195816040039,"z":115.03089141845703},"rotation":{"x":-0.17135366797447205,"y":-0.37336623668670657,"z":0.07037098705768585,"w":-0.9090466499328613},"size":11.905774116516114,"orthographic":false}